名前,メールアドレス,電話番号,メモ,LINE ID
林 優子,hayashiyuko558@docomo.ne.jp,080-6365-7020,プロミュージシャン,
前田 隆,maedatakashi329@au.com,080-2114-1336,ベーシスト,U96510727
青木 彩,aokiaya103@yahoo.co.jp,090-3826-8479,ギタリスト,U61756022
林 陽菜,hayashihina65@gmail.com,090-8938-1255,個人練習メイン,U95572980
山本 さくら,yamamotosakura931@au.com,090-3436-3782,ギタリスト,
藤井 愛,fujiiai190@outlook.jp,080-1662-5827,月2回利用,U45928673
山田 拓也,yamadatakuya345@gmail.com,080-4033-6593,高校生バンド,
木村 真由美,kimuramayumi239@yahoo.co.jp,080-3011-7283,月2回利用,U34233099
小林 麻衣,kobayashimai625@hotmail.com,080-3447-6734,レコーディング利用,U10443434
岡田 一郎,okadaichiro339@outlook.jp,090-5209-2912,初回利用,
藤井 雄太,fujiiyuta851@hotmail.com,070-3371-6738,レコーディング利用,
清水 直樹,shimizunaoki121@gmail.com,090-5735-9722,ボーカリスト,
佐藤 葵,satoaoi995@hotmail.com,070-4666-3210,高校生バンド,
高橋 紗希,takahashisaki732@softbank.ne.jp,090-6407-3324,個人練習メイン,U29009875
西村 誠,nishimuramakoto971@softbank.ne.jp,070-3168-4037,DTMメイン,U21919279
林 拓也,hayashitakuya219@yahoo.co.jp,080-1183-3744,高校生バンド,
佐藤 正,satotadashi722@gmail.com,070-9000-6348,初回利用,
藤井 太郎,fujiitaro864@icloud.com,090-6591-2582,個人練習メイン,
岡田 修,okadaosamu579@icloud.com,090-2923-4700,要注意,
金子 翔太,kanekoshota455@hotmail.com,080-9669-1062,個人練習メイン,
加藤 花子,katohanako623@outlook.jp,090-4446-1500,バンド練習メイン,
橋本 剛,hashimototsuyoshi767@gmail.com,070-6314-2022,レコーディング利用,U91765718
田中 翔太,tanakashota365@hotmail.com,070-5832-7777,初回利用,U96455457
岡本 由美,okamotoyumi303@outlook.jp,090-7844-9086,毎週火曜日利用,U35177629
鈴木 翔太,suzukishota109@hotmail.com,090-8030-8760,月2回利用,
橋本 彩,hashimotoaya483@gmail.com,080-5360-5470,個人練習メイン,
中川 美穂,nakagawamiho512@hotmail.com,090-3262-2817,学生,
竹内 健太,takeuchikenta35@softbank.ne.jp,070-5103-8752,DTMメイン,U87964436
竹内 誠,takeuchimakoto759@docomo.ne.jp,080-6234-4960,ベーシスト,
松田 一郎,matsudaichiro509@softbank.ne.jp,070-5308-6481,ギタリスト,
田中 浩二,tanakakoji445@au.com,090-5815-2099,,
中野 優子,nakanoyuko996@gmail.com,080-9857-8525,ドラマー,U67392200
竹内 千晶,takeuchichiaki78@outlook.jp,070-4456-2091,毎週火曜日利用,
金子 美咲,kanekomisaki918@docomo.ne.jp,080-9811-4815,VIP顧客,
山口 翔太,yamaguchishota24@au.com,090-5244-1173,毎週火曜日利用,
阿部 豊,abeyutaka190@yahoo.co.jp,070-3432-7490,個人練習メイン,
橋本 愛,hashimotoai153@docomo.ne.jp,070-2349-4563,ギタリスト,U97367353
木村 紗希,kimurasaki245@outlook.jp,070-2429-8322,バンド練習メイン,U12070489
吉田 剛,yoshidatsuyoshi21@yahoo.co.jp,090-3908-1332,DTMメイン,U64894674
加藤 千晶,katochiaki177@icloud.com,070-9482-8163,プロミュージシャン,U11411714
阿部 花子,abehanako92@yahoo.co.jp,080-5086-1365,プロミュージシャン,
中野 隆,nakanotakashi841@outlook.jp,090-8983-2693,ドラマー,U52118855
前田 豊,maedayutaka781@outlook.jp,070-1372-6284,VIP顧客,U54717905
前田 翔太,maedashota950@gmail.com,070-3672-1623,レコーディング利用,U63711076
木村 豊,kimurayutaka980@au.com,080-8645-4904,学生,
高橋 雄太,takahashiyuta432@hotmail.com,090-4767-3986,プロミュージシャン,U88539038
橋本 大輔,hashimotodaisuke596@softbank.ne.jp,090-9082-5844,ドラマー,U17472792
太田 一郎,otaichiro101@hotmail.com,080-4432-5157,ボーカリスト,U28497057
河野 正,konotadashi840@outlook.jp,080-4427-2214,常連,
西村 進,nishimurasusumu354@gmail.com,070-2194-3636,常連,U74184422
原 雄太,harayuta942@softbank.ne.jp,080-7044-2638,ギタリスト,
中島 正,nakajimatadashi475@softbank.ne.jp,080-8495-3596,レコーディング利用,U37979529
岡田 さくら,okadasakura437@icloud.com,090-5058-6713,学生,U57521628
西村 雄太,nishimurayuta377@softbank.ne.jp,080-8710-9258,個人練習メイン,
木村 一郎,kimuraichiro519@outlook.jp,080-3450-4083,要注意,
和田 誠,wadamakoto420@hotmail.com,070-2947-4668,高校生バンド,
渡辺 紗希,watanabesaki729@outlook.jp,070-6552-6423,要注意,
福田 豊,fukudayutaka908@docomo.ne.jp,080-8039-2810,DTMメイン,
伊藤 太郎,itotaro229@hotmail.com,080-4088-6687,ギタリスト,
河野 美穂,konomiho587@gmail.com,070-9500-9050,要注意,U86847677
村上 奈々,murakaminana273@hotmail.com,090-2769-4115,バンド練習メイン,U50353695
松田 美穂,matsudamiho680@docomo.ne.jp,070-1330-6686,DTMメイン,U30555162
藤井 浩二,fujiikoji15@docomo.ne.jp,090-2320-4969,月2回利用,U92219923
山口 愛,yamaguchiai482@softbank.ne.jp,080-2907-6868,ギタリスト,
長谷川 太郎,hasegawataro228@outlook.jp,080-9636-7501,毎週火曜日利用,U38458713
藤田 健太,fujitakenta409@au.com,080-8536-9659,ボーカリスト,U90496063
中島 紗希,nakajimasaki636@hotmail.com,080-5844-4850,バンド練習メイン,
三浦 愛,miuraai643@hotmail.com,090-2249-2608,ベーシスト,
山本 拓也,yamamototakuya948@softbank.ne.jp,080-8294-6922,,U27889692
松田 愛,matsudaai267@icloud.com,080-9811-8435,要注意,
清水 健太,shimizukenta657@au.com,090-9270-2547,社会人バンド,U60914291
竹内 正,takeuchitadashi40@yahoo.co.jp,070-1393-5609,ギタリスト,
渡辺 雄太,watanabeyuta286@icloud.com,090-8182-2401,常連,
遠藤 陽菜,endohina392@yahoo.co.jp,070-2460-2011,ギタリスト,
中島 優子,nakajimayuko487@softbank.ne.jp,070-1966-9539,バンド練習メイン,U11457882
中島 由美,nakajimayumi335@docomo.ne.jp,070-2818-9913,バンド練習メイン,U40204719
藤井 葵,fujiiaoi871@softbank.ne.jp,090-5587-1435,VIP顧客,U81267350
原 陽菜,harahina725@icloud.com,070-1118-8075,VIP顧客,U54888897
井上 愛,inoueai60@icloud.com,090-2789-7364,バンド練習メイン,
石井 哲也,ishiitetsuya593@hotmail.com,070-6438-7111,ベーシスト,
佐藤 学,satomanabu912@outlook.jp,070-2622-2624,月2回利用,
鈴木 大輔,suzukidaisuke61@hotmail.com,070-3710-9016,VIP顧客,U38692255
林 一郎,hayashiichiro971@softbank.ne.jp,080-3037-3132,社会人バンド,U34453973
鈴木 奈々,suzukinana296@docomo.ne.jp,080-3421-7119,リハーサル中心,U41329302
岡本 恵,okamotomegumi752@hotmail.com,070-4483-5404,レコーディング利用,
中川 学,nakagawamanabu184@icloud.com,070-7929-9795,レコーディング利用,
中島 奈々,nakajimanana544@hotmail.com,080-9147-2703,リハーサル中心,
中川 剛,nakagawatsuyoshi442@gmail.com,080-5519-7897,常連,
橋本 健太,hashimotokenta599@hotmail.com,070-5122-1849,レコーディング利用,U41211550
藤井 浩二,fujiikoji512@outlook.jp,090-1377-3855,常連,U78101926
近藤 亮,kondoryo23@icloud.com,080-5195-5120,常連,
佐藤 奈々,satonana760@softbank.ne.jp,080-3907-3909,,U72023822
清水 恵,shimizumegumi416@docomo.ne.jp,090-7209-9244,常連,U95369646
前田 一郎,maedaichiro248@softbank.ne.jp,080-6597-9071,,
吉田 亮,yoshidaryo431@yahoo.co.jp,090-9905-5467,常連,
村上 千晶,murakamichiaki669@outlook.jp,070-5428-1784,,
鈴木 一郎,suzukiichiro709@yahoo.co.jp,080-9222-2057,VIP顧客,U33027465
遠藤 誠,endomakoto169@hotmail.com,090-8743-8897,個人練習メイン,
阿部 智子,abetomoko453@outlook.jp,090-7735-2394,毎週火曜日利用,
高橋 陽菜,takahashihina462@outlook.jp,070-5648-9929,常連,U13609376
